Model,Accuracy
Logistic Regression,0.9933834558789697
Random Forest,0.9999539878712028
