,precision,recall,f1-score,support
Benign (0),1.0,0.9737490675253303,0.986699964597028,105901.0
Known Attack (1),1.0,0.6822125813449024,0.8110896196002579,2766.0
Screened Anomaly (2),0.0,0.0,0.0,0.0
accuracy,0.9663283241462449,0.9663283241462449,0.9663283241462449,0.9663283241462449
macro avg,0.6666666666666666,0.5519872162900775,0.5992631947324286,108667.0
weighted avg,1.0,0.9663283241462449,0.9822299947417724,108667.0
